Company: ,Cisco Systems Inc.  (DE)
Date,Open,High,Low,Close,Prediction,Earning
2020-10-19,40.150002,40.380001,39.160000,39.299999,N/A	,0.000000
2020-10-20,39.439999,39.509998,39.029999,39.200001,N/A	,0.000000
2020-10-21,39.310001,39.570000,38.980000,39.060001,N/A	,0.000000
2020-10-22,38.849998,38.959999,38.380001,38.820000,N/A	,0.000000
2020-10-23,38.930000,38.970001,38.650002,38.820000,N/A	,0.000000
2020-10-26,38.400002,38.430000,37.150002,37.669998,N/A	,0.000000
2020-10-27,37.380001,37.500000,36.590000,36.869999,N/A	,0.000000
2020-10-28,36.320000,36.509998,35.680000,35.709999,N/A	,0.000000
2020-10-29,35.509998,36.070000,35.279999,35.689999,N/A	,0.000000
2020-10-30,35.599998,35.930000,35.490002,35.900002,N/A	,0.000000
2020-11-02,36.189999,36.349998,35.669998,35.900002,N/A	,0.000000
2020-11-03,36.360001,37.330002,36.299999,36.680000,N/A	,0.000000
2020-11-04,37.029999,37.299999,36.500000,36.570000,N/A	,0.000000
2020-11-05,37.020000,37.299999,36.910000,37.230000,N/A	,0.000000
2020-11-06,37.560001,37.599998,37.080002,37.529999,N/A	,0.000000
2020-11-09,39.919998,40.230000,38.119999,38.200001,N/A	,0.000000
2020-11-10,38.209999,39.029999,38.169998,38.720001,N/A	,0.000000
2020-11-11,39.009998,39.450001,38.439999,39.330002,N/A	,0.000000
2020-11-12,38.980000,39.389999,38.400002,38.669998,N/A	,0.000000
2020-11-13,41.200001,41.520000,40.560001,41.400002,N/A	,0.000000
2020-11-16,41.740002,42.590000,41.349998,42.540001,N/A	,0.000000
2020-11-17,41.919998,42.349998,41.619999,41.880001,N/A	,0.000000
2020-11-18,41.900002,42.240002,41.259998,41.320000,N/A	,0.000000
2020-11-19,41.000000,41.369999,40.770000,41.169998,N/A	,0.000000
2020-11-20,41.049999,41.389999,40.919998,40.970001,N/A	,0.000000
2020-11-23,41.029999,41.799999,41.020000,41.639999,N/A	,0.000000
2020-11-24,42.139999,42.709999,41.900002,42.610001,N/A	,0.000000
2020-11-25,42.779999,42.799999,42.209999,42.500000,N/A	,0.000000
2020-11-27,42.860001,42.980000,42.639999,42.700001,N/A	,0.000000
2020-11-30,42.439999,43.049999,42.410000,43.020000,0.639999,1366.637638
2020-12-01,43.009998,44.070000,43.009998,43.540001,N/A	,1366.637638
2020-12-02,43.389999,43.959999,43.349998,43.889999,N/A	,1366.637638
2020-12-03,43.779999,44.139999,43.599998,44.110001,N/A	,1366.637638
2020-12-04,43.889999,44.509998,43.889999,44.380001,N/A	,1366.637638
2020-12-07,44.290001,44.490002,43.910000,44.349998,N/A	,1366.637638
2020-12-08,44.209999,44.529999,43.930000,44.369999,N/A	,1366.637638
2020-12-09,44.470001,44.830002,44.360001,44.689999,N/A	,1366.637638
2020-12-10,44.540001,44.610001,44.110001,44.320000,N/A	,1366.637638
2020-12-11,43.939999,44.330002,43.720001,44.320000,N/A	,1366.637638
2020-12-14,44.270000,44.910000,44.150002,44.240002,N/A	,1366.637638
2020-12-15,44.389999,44.799999,44.139999,44.720001,N/A	,1366.637638
2020-12-16,44.700001,45.139999,44.529999,44.720001,N/A	,1366.637638
2020-12-17,44.910000,44.930000,44.599998,44.820000,N/A	,1366.637638
2020-12-18,44.900002,45.570000,44.770000,45.439999,N/A	,1366.637638
2020-12-21,44.470001,44.959999,44.070000,44.880001,N/A	,1366.637638
2020-12-22,44.439999,45.070000,44.439999,44.689999,N/A	,1366.637638
2020-12-23,44.650002,44.799999,44.349998,44.380001,N/A	,1366.637638
2020-12-24,44.450001,44.590000,44.230000,44.540001,N/A	,1366.637638
2020-12-28,44.930000,45.340000,44.720001,44.919998,N/A	,1366.637638
2020-12-29,44.970001,45.250000,44.529999,44.639999,N/A	,1366.637638
2020-12-30,44.740002,45.060001,44.439999,44.480000,N/A	,1366.637638
2020-12-31,44.380001,44.840000,44.160000,44.750000,N/A	,1366.637638
2021-01-04,44.310001,44.369999,43.349998,43.959999,N/A	,1366.637638
2021-01-05,43.680000,44.070000,43.380001,43.980000,N/A	,1366.637638
2021-01-06,44.130001,44.869999,43.889999,44.400002,N/A	,1366.637638
2021-01-07,44.200001,45.110001,44.169998,44.959999,N/A	,1366.637638
2021-01-08,44.480000,45.410000,44.250000,45.060001,N/A	,1366.637638
2021-01-11,45.150002,45.950001,45.020000,45.360001,N/A	,1366.637638
2021-01-12,45.299999,45.930000,44.959999,45.790001,N/A	,1366.637638
2021-01-13,45.290001,45.970001,45.180000,45.360001,N/A	,1366.637638
2021-01-14,44.869999,45.599998,44.849998,45.150002,N/A	,1366.637638
2021-01-15,44.959999,45.650002,44.880001,45.430000,N/A	,1366.637638
2021-01-19,45.330002,45.630001,44.770000,45.189999,N/A	,1366.637638
2021-01-20,45.330002,45.500000,45.139999,45.340000,N/A	,1366.637638
2021-01-21,45.200001,45.240002,44.720001,45.110001,N/A	,1366.637638
2021-01-22,44.750000,44.889999,44.230000,44.770000,N/A	,1366.637638
2021-01-25,45.040001,45.169998,44.709999,45.029999,N/A	,1366.637638
2021-01-26,44.889999,45.349998,44.770000,45.259998,N/A	,1366.637638
2021-01-27,45.240002,46.459999,45.080002,45.700001,N/A	,1366.637638
2021-01-28,45.910000,46.270000,45.299999,45.340000,N/A	,1366.637638
2021-01-29,44.849998,45.369999,44.480000,44.580002,N/A	,1366.637638
2021-02-01,44.919998,45.630001,44.660000,45.400002,N/A	,1366.637638
2021-02-02,45.520000,45.939999,45.430000,45.830002,N/A	,1366.637638
2021-02-03,45.750000,46.160000,45.540001,45.770000,N/A	,1366.637638
2021-02-04,45.869999,47.320000,45.770000,47.250000,N/A	,1366.637638
2021-02-05,47.570000,48.340000,47.500000,48.080002,N/A	,1366.637638
2021-02-08,48.560001,49.340000,48.560001,48.939999,N/A	,1366.637638
2021-02-09,48.770000,48.830002,48.410000,48.500000,N/A	,1366.637638
2021-02-10,46.150002,47.410000,45.830002,47.240002,N/A	,1366.637638
2021-02-11,47.349998,47.910000,47.200001,47.580002,N/A	,1366.637638
2021-02-12,47.430000,47.689999,46.910000,47.290001,N/A	,1366.637638
2021-02-16,47.259998,47.259998,46.400002,46.509998,N/A	,1366.637638
2021-02-17,46.320000,46.400002,45.869999,46.250000,N/A	,1366.637638
2021-02-18,46.389999,46.400002,45.689999,46.340000,N/A	,1366.637638
2021-02-19,46.540001,46.610001,45.580002,45.680000,N/A	,1366.637638
2021-02-22,45.290001,45.680000,44.820000,45.430000,N/A	,1366.637638
2021-02-23,45.259998,45.779999,45.099998,45.509998,N/A	,1366.637638
2021-02-24,45.240002,45.799999,45.040001,45.740002,0.759998,2486.958518
2021-02-25,45.590000,46.240002,45.240002,45.520000,N/A	,2486.958518
2021-02-26,45.580002,45.779999,44.759998,44.869999,N/A	,2486.958518
2021-03-01,45.220001,46.220001,45.220001,45.919998,N/A	,2486.958518
2021-03-02,45.930000,46.080002,45.419998,45.520000,N/A	,2486.958518
2021-03-03,45.430000,45.529999,45.000000,45.130001,N/A	,2486.958518
2021-03-04,45.139999,45.470001,44.150002,44.560001,N/A	,2486.958518
2021-03-05,45.450001,46.740002,45.270000,46.250000,N/A	,2486.958518
2021-03-08,46.240002,48.400002,46.200001,47.509998,N/A	,2486.958518
2021-03-09,47.820000,48.369999,47.720001,47.889999,N/A	,2486.958518
2021-03-10,48.470001,48.790001,48.189999,48.290001,N/A	,2486.958518
2021-03-11,48.509998,49.080002,48.230000,48.799999,N/A	,2486.958518
2021-03-12,48.810001,48.990002,48.470001,48.820000,N/A	,2486.958518
2021-03-15,48.900002,49.439999,48.900002,49.410000,N/A	,2486.958518
2021-03-16,49.189999,49.740002,49.189999,49.669998,N/A	,2486.958518
2021-03-17,49.610001,49.610001,48.889999,49.419998,N/A	,2486.958518
2021-03-18,48.520000,49.570000,48.520000,48.799999,N/A	,2486.958518
2021-03-19,48.709999,49.220001,48.320000,48.980000,N/A	,2486.958518
2021-03-22,48.939999,50.380001,48.939999,50.299999,N/A	,2486.958518
2021-03-23,50.020000,50.680000,49.900002,50.009998,N/A	,2486.958518
2021-03-24,49.939999,50.450001,49.619999,49.650002,N/A	,2486.958518
2021-03-25,50.580002,51.400002,50.290001,50.509998,N/A	,2486.958518
2021-03-26,50.599998,52.639999,50.560001,52.570000,N/A	,2486.958518
2021-03-29,52.400002,52.939999,52.279999,52.520000,N/A	,2486.958518
2021-03-30,52.110001,52.290001,51.180000,51.770000,N/A	,2486.958518
2021-03-31,51.830002,52.049999,51.549999,51.709999,N/A	,2486.958518
2021-04-01,51.750000,52.070000,51.349998,51.980000,0.720002,2942.456111
2021-04-05,51.630001,52.919998,51.630001,52.410000,N/A	,2942.456111
2021-04-06,51.980000,52.220001,51.779999,52.029999,N/A	,2942.456111
2021-04-07,52.009998,52.139999,51.580002,51.770000,N/A	,2942.456111
2021-04-08,51.939999,52.000000,51.450001,51.910000,N/A	,2942.456111
2021-04-09,51.830002,52.150002,51.680000,52.090000,N/A	,2942.456111
2021-04-12,52.070000,52.160000,51.470001,51.570000,N/A	,2942.456111
2021-04-13,51.639999,51.880001,51.340000,51.660000,N/A	,2942.456111
2021-04-14,51.509998,51.680000,51.139999,51.369999,N/A	,2942.456111
2021-04-15,51.759998,51.939999,51.369999,51.639999,N/A	,2942.456111
2021-04-16,52.450001,53.180000,52.259998,52.799999,N/A	,2942.456111
2021-04-19,52.529999,52.959999,52.490002,52.849998,N/A	,2942.456111
2021-04-20,52.590000,52.790001,51.599998,51.790001,N/A	,2942.456111
2021-04-21,51.840000,52.070000,51.480000,51.930000,N/A	,2942.456111
2021-04-22,51.810001,52.090000,51.380001,51.500000,N/A	,2942.456111
2021-04-23,51.500000,52.130001,51.180000,51.910000,0.950001,3761.997995
2021-04-26,51.650002,51.770000,51.500000,51.639999,N/A	,3761.997995
2021-04-27,51.580002,51.669998,51.349998,51.369999,N/A	,3761.997995
2021-04-28,51.560001,51.770000,50.919998,51.110001,N/A	,3761.997995
2021-04-29,51.180000,51.599998,50.980000,51.459999,N/A	,3761.997995
2021-04-30,51.220001,51.230000,50.410000,50.910000,N/A	,3761.997995
2021-05-03,51.209999,51.400002,50.810001,51.169998,N/A	,3761.997995
2021-05-04,51.110001,51.230000,50.299999,50.709999,N/A	,3761.997995
2021-05-05,50.990002,51.250000,50.680000,51.130001,N/A	,3761.997995
2021-05-06,51.070000,52.709999,50.950001,52.439999,N/A	,3761.997995
2021-05-07,52.480000,53.680000,52.220001,53.430000,N/A	,3761.997995
2021-05-10,53.970001,54.139999,53.160000,53.160000,N/A	,3761.997995
2021-05-11,53.099998,53.110001,52.110001,52.830002,N/A	,3761.997995
2021-05-12,52.180000,52.430000,51.470001,51.599998,N/A	,3761.997995
2021-05-13,52.110001,52.810001,51.880001,52.490002,N/A	,3761.997995
2021-05-14,52.930000,53.220001,52.599998,52.900002,N/A	,3761.997995
2021-05-17,52.759998,53.150002,52.680000,52.939999,N/A	,3761.997995
2021-05-18,52.799999,53.340000,52.740002,52.930000,N/A	,3761.997995
2021-05-19,51.880001,52.660000,51.860001,52.470001,N/A	,3761.997995
2021-05-20,50.410000,52.970001,50.099998,52.849998,2.870003,8784.395685
2021-05-21,52.770000,52.930000,52.240002,52.430000,N/A	,8784.395685
2021-05-24,52.959999,53.770000,52.790001,53.389999,N/A	,8784.395685
2021-05-25,53.369999,53.580002,53.139999,53.310001,N/A	,8784.395685
2021-05-26,53.349998,53.610001,52.820000,52.910000,N/A	,8784.395685
2021-05-27,52.930000,53.349998,52.580002,52.919998,N/A	,8784.395685
2021-05-28,53.180000,53.220001,52.840000,52.900002,N/A	,8784.395685
2021-06-01,52.959999,53.320000,52.430000,52.619999,N/A	,8784.395685
2021-06-02,52.650002,52.990002,52.400002,52.959999,N/A	,8784.395685
2021-06-03,52.799999,53.560001,52.619999,53.330002,N/A	,8784.395685
2021-06-04,53.439999,54.169998,53.439999,54.070000,N/A	,8784.395685
2021-06-07,54.320000,54.439999,53.790001,53.919998,N/A	,8784.395685
2021-06-08,53.970001,54.389999,53.889999,54.130001,N/A	,8784.395685
2021-06-09,54.180000,54.419998,53.939999,54.020000,N/A	,8784.395685
2021-06-10,54.430000,55.080002,54.270000,55.029999,N/A	,8784.395685
2021-06-11,55.189999,55.349998,54.540001,54.770000,N/A	,8784.395685
2021-06-14,54.389999,54.529999,53.529999,54.169998,N/A	,8784.395685
2021-06-15,54.230000,54.320000,53.730000,53.790001,N/A	,8784.395685
2021-06-16,53.849998,53.919998,53.130001,53.470001,N/A	,8784.395685
2021-06-17,53.410000,53.549999,53.009998,53.130001,N/A	,8784.395685
2021-06-18,52.810001,52.840000,51.880001,52.070000,N/A	,8784.395685
2021-06-21,52.369999,53.410000,52.290001,53.180000,N/A	,8784.395685
2021-06-22,53.299999,53.360001,52.810001,53.259998,N/A	,8784.395685
2021-06-23,53.270000,53.290001,52.590000,52.759998,N/A	,8784.395685
2021-06-24,52.939999,53.049999,52.610001,52.779999,N/A	,8784.395685
2021-06-25,52.770000,53.200001,52.650002,53.060001,N/A	,8784.395685
2021-06-28,53.160000,53.290001,52.919998,52.959999,N/A	,8784.395685
2021-06-29,52.889999,53.189999,52.770000,52.910000,N/A	,8784.395685
2021-06-30,52.950001,53.070000,52.619999,53.000000,N/A	,8784.395685
2021-07-01,53.049999,53.599998,53.000000,53.439999,N/A	,8784.395685
2021-07-02,53.189999,53.619999,52.840000,53.540001,N/A	,8784.395685
2021-07-06,53.220001,53.360001,52.340000,52.980000,N/A	,8784.395685
2021-07-07,53.070000,53.299999,52.669998,53.259998,N/A	,8784.395685
2021-07-08,53.160000,53.720001,52.910000,53.259998,N/A	,8784.395685
2021-07-09,53.360001,53.930000,53.290001,53.740002,N/A	,8784.395685
2021-07-12,54.040001,54.040001,53.130001,53.230000,N/A	,8784.395685
2021-07-13,53.340000,53.580002,53.200001,53.320000,N/A	,8784.395685
2021-07-14,53.500000,54.200001,53.340000,54.090000,N/A	,8784.395685
2021-07-15,53.840000,53.869999,53.240002,53.650002,N/A	,8784.395685
2021-07-16,53.880001,54.410000,53.650002,53.700001,N/A	,8784.395685
2021-07-19,53.669998,53.700001,52.730000,53.060001,N/A	,8784.395685
2021-07-20,53.279999,53.930000,53.189999,53.580002,N/A	,8784.395685
2021-07-21,53.820000,53.900002,53.419998,53.880001,N/A	,8784.395685
2021-07-22,53.910000,54.549999,53.779999,54.540001,N/A	,8784.395685
2021-07-23,54.889999,55.340000,54.509998,55.230000,N/A	,8784.395685
2021-07-26,55.130001,55.650002,55.130001,55.470001,N/A	,8784.395685
2021-07-27,55.380001,55.410000,54.790001,55.279999,N/A	,8784.395685
2021-07-28,55.459999,55.520000,54.410000,54.770000,N/A	,8784.395685
2021-07-29,55.000000,55.349998,54.900002,55.070000,N/A	,8784.395685
2021-07-30,55.080002,55.490002,55.009998,55.369999,N/A	,8784.395685
2021-08-02,55.599998,55.939999,55.259998,55.450001,N/A	,8784.395685
2021-08-03,55.540001,56.419998,55.270000,56.250000,N/A	,8784.395685
2021-08-04,56.369999,56.369999,55.470001,55.689999,N/A	,8784.395685
2021-08-05,55.520000,55.980000,55.500000,55.759998,N/A	,8784.395685
2021-08-06,55.470001,55.950001,55.150002,55.590000,N/A	,8784.395685
2021-08-09,55.820000,56.070000,55.400002,55.470001,N/A	,8784.395685
2021-08-10,55.500000,55.669998,55.250000,55.610001,N/A	,8784.395685
2021-08-11,55.889999,56.009998,55.599998,55.860001,N/A	,8784.395685
2021-08-12,55.849998,56.450001,55.660000,56.389999,N/A	,8784.395685
2021-08-13,56.389999,56.619999,56.259998,56.470001,N/A	,8784.395685
2021-08-16,56.299999,56.430000,55.930000,56.279999,N/A	,8784.395685
2021-08-17,55.869999,56.020000,55.630001,56.009998,N/A	,8784.395685
2021-08-18,55.790001,56.139999,55.029999,55.150002,N/A	,8784.395685
2021-08-19,54.759998,57.490002,54.590000,57.270000,2.900002,13770.682404
2021-08-20,57.250000,58.340000,56.849998,58.220001,N/A	,13770.682404
2021-08-23,57.849998,58.700001,57.740002,58.540001,N/A	,13770.682404
2021-08-24,58.490002,59.430000,58.430000,59.320000,N/A	,13770.682404
2021-08-25,59.540001,60.270000,59.169998,59.349998,N/A	,13770.682404
2021-08-26,59.419998,59.630001,58.990002,59.200001,N/A	,13770.682404
2021-08-27,59.270000,59.349998,58.860001,59.020000,N/A	,13770.682404
2021-08-30,58.980000,59.220001,58.799999,59.130001,N/A	,13770.682404
2021-08-31,59.110001,59.180000,58.580002,59.020000,N/A	,13770.682404
2021-09-01,59.020000,59.139999,58.660000,59.040001,N/A	,13770.682404
2021-09-02,59.349998,59.720001,59.060001,59.529999,N/A	,13770.682404
2021-09-03,59.330002,59.660000,59.279999,59.419998,N/A	,13770.682404
2021-09-07,59.240002,59.369999,58.750000,58.880001,N/A	,13770.682404
2021-09-08,58.549999,58.930000,58.490002,58.680000,N/A	,13770.682404
2021-09-09,58.450001,58.939999,58.250000,58.599998,N/A	,13770.682404
2021-09-10,58.750000,58.950001,57.820000,57.889999,N/A	,13770.682404
2021-09-13,58.160000,58.529999,57.730000,58.099998,N/A	,13770.682404
2021-09-14,58.240002,58.470001,57.660000,57.869999,N/A	,13770.682404
2021-09-15,57.779999,59.599998,57.060001,57.560001,N/A	,13770.682404
2021-09-16,58.310001,58.820000,57.130001,57.330002,N/A	,13770.682404
2021-09-17,57.389999,57.450001,56.470001,56.849998,N/A	,13770.682404
2021-09-20,56.380001,56.400002,55.290001,55.889999,N/A	,13770.682404
2021-09-21,55.959999,56.369999,55.230000,55.259998,N/A	,13770.682404
2021-09-22,55.759998,56.130001,55.369999,55.520000,N/A	,13770.682404
2021-09-23,55.700001,56.900002,55.599998,56.689999,N/A	,13770.682404
2021-09-24,56.450001,56.810001,56.220001,56.730000,N/A	,13770.682404
2021-09-27,56.459999,56.669998,56.049999,56.220001,N/A	,13770.682404
2021-09-28,55.779999,55.990002,55.410000,55.520000,N/A	,13770.682404
2021-09-29,55.619999,55.980000,55.340000,55.480000,N/A	,13770.682404
2021-09-30,55.799999,55.900002,54.410000,54.430000,N/A	,13770.682404
2021-10-01,54.599998,55.410000,54.040001,55.139999,N/A	,13770.682404
2021-10-04,54.500000,54.680000,53.950001,54.230000,N/A	,13770.682404
2021-10-05,54.130001,55.029999,54.130001,54.689999,N/A	,13770.682404
2021-10-06,54.349998,54.380001,52.980000,53.939999,N/A	,13770.682404
2021-10-07,54.490002,55.410000,54.349998,55.020000,N/A	,13770.682404
2021-10-08,55.200001,55.299999,54.750000,55.080002,N/A	,13770.682404
2021-10-11,55.250000,55.380001,54.900002,54.930000,N/A	,13770.682404
2021-10-12,54.990002,55.060001,54.070000,54.279999,N/A	,13770.682404
2021-10-13,54.320000,54.750000,54.080002,54.619999,N/A	,13770.682404
2021-10-14,55.090000,55.849998,54.980000,55.650002,N/A	,13770.682404
2021-10-15,55.889999,55.889999,54.959999,55.250000,N/A	,13770.682404
